shot,foreground,background,kind,ratio,delta_L,delta_C,delta_E
courier,main-text,accent-lime-card,text,15.845915172638856,-0.8971455898568113,-0.14638448289651837,0.9090096953456586
courier,secondary-text,canvas,text,4.4105624748657295,-0.4269955681180254,0.0015118403662474223,0.42699824481432586
courier,neutral-card,canvas,surface,1.1096206341839607,-0.03584649961522257,-1.3361422392691838e-09,0.03584649961522259
courier,accent-lime-card,canvas,surface,1.3252626794481839,-0.10285440361673492,0.14638444562252284,0.17890621992770167
courier,decorative-tile-border,canvas,border,1.192138863609936,-0.059929883828516606,-2.233826285882748e-09,0.05992988382851665
ama,main-text,canvas-upper,text,19.946130734663996,-0.9821176331531957,-3.660744858851494e-08,0.9821176331531963
ama,on-blue-text,accent-blue-button,text,6.615537216066445,0.5145033794452941,-0.1805790120697957,0.5452728985133719
ama,white-card,canvas-upper,surface,1.0528357744845473,0.01788236032035051,6.665469466779126e-10,0.017882360320350524
ama,accent-lilac-card,canvas-upper,surface,1.2381069501138942,-0.06766147000387124,0.036416042586488846,0.07683883939892086
ama,accent-peach-card,canvas-upper,surface,1.1165605855666734,-0.03734955103938675,0.0200721395652902,0.04240141219133953
ama,accent-blue-button,canvas-upper,surface,6.283541437699829,-0.4966210191249436,0.18057901273634264,0.5284328176701936
bank,main-text-light,canvas-light,text,18.096211979655724,-0.799806906377536,-2.981199926274552e-08,0.7998069063775366
bank,muted-text-light,canvas-light,text,2.5528390282131155,-0.28776162176253683,-1.0726025606534589e-08,0.28776162176253706
bank,main-text-dark,canvas-dark,text,18.096211979655724,0.799806906377536,2.981199926274552e-08,0.7998069063775366
bank,secondary-text-dark,canvas-dark,text,10.594237822447381,0.6263691170756797,2.334727980040343e-08,0.6263691170756801
bank,tile-dark,canvas-dark,surface,1.0434814195271291,-0.022555315178784202,-8.407266949194331e-10,0.02255531517878422
bank,button-light,canvas-dark,surface,18.096211979655724,0.799806906377536,2.981199926274552e-08,0.7998069063775366
football,main-text,canvas,text,19.30450748626618,0.8362420475678372,3.117008258612433e-08,0.8362420475678377
football,secondary-text,canvas,text,8.309722318472943,0.574260720226241,2.1404991801051396e-08,0.5742607202262413
football,neutral-pill,canvas,surface,1.3093789704457424,0.11309025497155889,4.215325704548247e-09,0.11309025497155897
football,accent-lime-pill,canvas,surface,15.852364843261784,0.7521972394462095,0.23967585773460895,0.7894588047752267
football,accent-pale-lime-card,accent-lime-pill,accent-family,1.0504783881985873,0.020558637923192014,-0.04697285421459571,0.05328305963981957
football,on-lime-text,accent-lime-pill,text,17.24465967056308,-0.9159551853519186,-0.2396758638385219,0.9467937585767078
team,main-text,canvas,text,20.87328787787365,0.9327953782146892,3.476901098623392e-08,0.9327953782146898
team,secondary-text,canvas,text,9.173501251178935,0.6769820226646992,0.008099363675652666,0.6770304710336476
team,surface,canvas,surface,1.1053974732703693,0.11043315665836889,4.116285028568964e-09,0.11043315665836897
team,nested-card,surface,surface,1.2164639527319208,0.0826870398018478,3.0820763687764385e-09,0.08268703980184786
team,accent-green-legend,surface,graphic,5.16803671968479,0.4325329384375247,0.08136828571549397,0.4401199169241671
team,accent-brown-legend,surface,graphic,4.506383521004273,0.41022784419098324,0.046725071153529724,0.4128802689517246
finance,main-text,canvas-local,text,14.767771774234498,0.7223928868936578,-0.008583668095226272,0.722444057427776
finance,on-lilac-text,accent-lilac-card,text,12.11753579491365,-0.7741219643981085,-0.0790750993409863,0.7830148776616056
finance,accent-cyan-card,canvas-local,surface,9.9010931857162,0.5737419011582987,0.13046472136318366,0.5927066934214481
finance,accent-lilac-card,canvas-local,surface,8.610564371011877,0.5566810133957847,0.08862670147998243,0.5639381256473943
finance,accent-peach-card,canvas-local,surface,9.643131226521083,0.5851796169831165,0.048017809752571514,0.5881965283509569
finance,accent-coral-card,canvas-local,surface,8.426398776243236,0.5526764395511352,0.08525534335714532,0.5597828345862899
finance-muted,accent-cyan-card,canvas-local,surface,11.870683218204183,0.6484441464671739,0.02218854696890886,0.6494042892255305
finance-muted,accent-lilac-card,canvas-local,surface,13.053117339983276,0.6847744707793424,0.01566061645644856,0.6849575981678805
finance-muted,accent-peach-card,canvas-local,surface,14.630764286556468,0.7203424756206854,-0.0022294403426999223,0.7205275214673151
finance-muted,accent-coral-card,canvas-local,surface,13.190924981023567,0.6884158247526081,0.01016005148978349,0.6887331169326893
chart,main-text,white-card,text,18.422536070011546,-0.808748695090121,-3.014529544009179e-08,0.8087486950901216
chart,muted-text,white-card,text,2.8847048312626273,-0.32031970314513014,-1.1939595271258393e-08,0.32031970314513036
chart,red-bar-upper,white-card,graphic,3.3303623523705386,-0.33173558721847085,0.2061500939899244,0.3905718523817155
chart,purple-bar-strong,white-card,graphic,6.058692475257551,-0.47536642691793607,0.2658626938956675,0.5446615934572229
chart,purple-bar-pale,white-card,graphic,1.6681047602062744,-0.16096430402031447,0.0847684404384465,0.18192088385342337
chart,red-bar-lower,red-bar-upper,accent-family,1.3010283220058603,0.06305330470133719,-0.047160795942813555,0.0795011750423661
chart,purple-bar-pale,purple-bar-strong,accent-family,3.6320815213718025,0.3144021228976216,-0.18109425345722105,0.36432207670912287
cuberto,main-text,dark-card-local,text,16.16305323388228,0.7528281959396692,-0.011336419836545337,0.75291354658928
cuberto,on-mint-text,accent-mint-card,text,16.071531613419356,-0.8498679429249066,-0.011187078038816634,0.8503497107230806
cuberto,accent-mint-card,dark-card-local,surface,12.423468086386881,0.6609248865093451,0.019664372312269075,0.661716189296819
cuberto,accent-mint-label,accent-mint-card,accent-family,1.0,0.0,0.0,0.0
