shot,role,theme,hex,L,C,h,Y,roi,mode_fraction,L_range,notes
courier,canvas,light,#FFFFFF,0.9999999934735462,3.727399553519285e-08,,1.0,"[228, 570, 240, 582]",1.0,"[0.9999999934735462, 0.9999999934735462]",
courier,neutral-card,light,#F3F3F3,0.9641534938583236,3.593785329592367e-08,,0.8962693533742664,"[251, 335, 263, 347]",1.0,"[0.9641534938583236, 0.9641534938583236]",
courier,dark-header,light,#000000,0.0,0.0,,0.0,"[332, 81, 344, 93]",1.0,"[0.0, 0.0]",
courier,accent-lime-card,light,#D5EA73,0.8971455898568113,0.14638448289651837,117.73991023781826,0.7422957586319427,"[390, 190, 402, 202]",1.0,"[0.8971455898568113, 0.8971455898568113]",
courier,main-text,light,#000000,0.0,0.0,,0.0,"[241, 197, 400, 220]",0.5681581685744017,"[0.0, 0.6115840786696672]","Dominant core glyph RGB after excluding background; screenshot estimate, not authored token."
courier,secondary-text,light,#787879,0.5730044253555208,0.0015118776402429576,286.35203728741976,0.18806487403445407,"[629, 617, 717, 633]",0.037383177570093455,"[0.32872910634190955, 0.6270673190411971]","Dominant core glyph RGB after excluding background; screenshot estimate, not authored token."
courier,decorative-tile-border,light,#EBEBEB,0.9400701096450296,3.5040169249310105e-08,,0.8307698767746545,"[242, 640, 243, 672]",1.0,"[0.9400701096450296, 0.9400701096450296]",Rendered central column of thin antialiased product-card border. Authored stroke cannot be recovered; decorative grouping only.
ama,canvas-upper,light,#F9F9F9,0.9821176331531957,3.660744858851494e-08,,0.9473065367331998,"[654, 159, 666, 171]",0.7638888888888888,"[0.9081404528214102, 0.9999999934735462]",
ama,canvas-lower,light,#FFFFFF,0.9999999934735462,3.727399553519285e-08,,1.0,"[665, 736, 677, 748]",1.0,"[0.9999999934735462, 0.9999999934735462]",
ama,white-card,light,#FFFFFF,0.9999999934735462,3.727399553519285e-08,,1.0,"[425, 276, 437, 288]",1.0,"[0.9999999934735462, 0.9999999934735462]",
ama,neutral-button,light,#E7E8E9,0.9305141774974619,0.0017303287307706252,247.84030179515457,0.8058534193009146,"[1016, 324, 1028, 336]",0.5763888888888888,"[0.9153445629278812, 0.9970251851547624]",
ama,accent-blue-button,light,#1E56C3,0.48549661402825206,0.18057904934379124,261.87069941084684,0.10871726901482433,"[874, 324, 886, 336]",0.75,"[0.4823607279661755, 0.49279552019066614]",
ama,accent-lilac-card,light,#ECDCF4,0.9144561631493244,0.03641607919393743,314.633742148828,0.7555091982493572,"[597, 550, 609, 562]",1.0,"[0.9144561631493244, 0.9144561631493244]",
ama,accent-peach-card,light,#F3ECDE,0.9447680821138089,0.02007217617273879,84.59047356901519,0.8431951831588698,"[600, 667, 612, 679]",1.0,"[0.9447680821138089, 0.9447680821138089]",
ama,dark-timeline-card,light,#272932,0.2827384978816959,0.016752092709032114,275.4102456571695,0.022475004497946385,"[670, 613, 682, 625]",0.9166666666666666,"[0.27866130594823213, 0.2827384978816959]",
ama,onboarding-canvas,dark,#191B22,0.22317070252135088,0.013980708512532223,272.6784090146795,0.011060322416712755,"[328, 572, 340, 584]",1.0,"[0.22317070252135088, 0.22317070252135088]",
ama,main-text,light,#000000,0.0,0.0,,0.0,"[418, 172, 583, 205]",0.06451612903225806,"[0.0, 0.6238359481471579]","Dominant core glyph RGB after excluding background; screenshot estimate, not authored token."
ama,on-blue-text,light,#FFFFFF,0.9999999934735462,3.727399553519285e-08,,1.0,"[782, 334, 904, 352]",0.456575682382134,"[0.7547471102729476, 0.9999999934735462]","Dominant core glyph RGB after excluding background; screenshot estimate, not authored token."
bank,canvas-light,light,#FFFFFF,0.9999999934735462,3.727399553519285e-08,,1.0,"[282, 696, 294, 708]",1.0,"[0.9999999934735462, 0.9999999934735462]",
bank,button-dark,light,#161616,0.20019308709601014,7.46199627244733e-09,,0.008023192985384994,"[474, 1515, 486, 1527]",1.0,"[0.20019308709601014, 0.20019308709601014]",
bank,canvas-dark,dark,#161616,0.20019308709601014,7.46199627244733e-09,,0.008023192985384994,"[978, 732, 990, 744]",1.0,"[0.20019308709601014, 0.20019308709601014]",
bank,tile-dark,dark,#111111,0.17763777191722593,6.621269577527897e-09,,0.005605391624202723,"[1698, 1150, 1710, 1162]",1.0,"[0.17763777191722593, 0.17763777191722593]",
bank,button-light,dark,#FFFFFF,0.9999999934735462,3.727399553519285e-08,,1.0,"[1074, 1524, 1086, 1536]",0.6319444444444444,"[0.0, 0.9999999934735462]",
bank,main-text-light,light,#161616,0.20019308709601014,7.46199627244733e-09,,0.008023192985384994,"[166, 392, 660, 567]",0.16046803175929794,"[0.0, 0.6367600316401532]","Dominant core glyph RGB after excluding background; screenshot estimate, not authored token."
bank,muted-text-light,light,#A2A2A2,0.7122383717110093,2.6547969928658264e-08,,0.36130677978350945,"[166, 596, 574, 628]",0.03275529865125241,"[0.650041264979764, 0.8914313398856534]","Dominant core glyph RGB after excluding background; screenshot estimate, not authored token."
bank,main-text-dark,dark,#FFFFFF,0.9999999934735462,3.727399553519285e-08,,1.0,"[917, 392, 1308, 567]",0.5069420340159667,"[0.6731222126359498, 0.9999999934735462]","Dominant core glyph RGB after excluding background; screenshot estimate, not authored token."
bank,secondary-text-dark,dark,#C6C6C6,0.8265622041716898,3.080927607285076e-08,,0.5647115057049292,"[917, 596, 1368, 648]",0.0298582995951417,"[0.6731222126359498, 0.9430889012181793]","Dominant core glyph RGB after excluding background; screenshot estimate, not authored token."
football,canvas,dark,#0E0E0E,0.16375794590570902,6.103912949068526e-09,,0.004391442037410293,"[2192, 516, 2204, 528]",1.0,"[0.16375794590570902, 0.16375794590570902]",
football,neutral-pill,dark,#282828,0.2768482008772679,1.0319238653616773e-08,,0.02121901037600355,"[1986, 1466, 1998, 1478]",1.0,"[0.2768482008772679, 0.2768482008772679]",
football,accent-lime-pill,dark,#B4FF00,0.9159551853519186,0.2396758638385219,128.05164213307455,0.812232983528154,"[1842, 1461, 1854, 1473]",1.0,"[0.9159551853519186, 0.9159551853519186]",
football,accent-pale-lime-card,dark,#CFFF5D,0.9365138232751106,0.1927030096239262,124.18765879256149,0.8557571147883143,"[1393, 1263, 1405, 1275]",1.0,"[0.9365138232751106, 0.9365138232751106]",Solid interior of middle-screen result card; surrounding photography excluded.
football,main-text,dark,#FFFFFF,0.9999999934735462,3.727399553519285e-08,,1.0,"[1627, 517, 1985, 612]",0.6562603346782194,"[0.6731222126359498, 0.9999999934735462]","Dominant core glyph RGB after excluding background; screenshot estimate, not authored token."
football,secondary-text,dark,#AAAAAA,0.73801866613195,2.750890475011992e-08,,0.4019777798321958,"[1630, 459, 1790, 504]",0.04806565064478312,"[0.39417829080418526, 0.8327938123094923]","Dominant core glyph RGB after excluding background; screenshot estimate, not authored token."
football,on-lime-text,dark,#000000,0.0,0.0,,0.0,"[1790, 1476, 1910, 1515]",0.04136690647482014,"[0.0, 0.587266574126977]",Core glyph mode in selected Tactics pill; JPEG estimate.
team,canvas,dark,#010101,0.06720461525885704,2.5049845489589324e-09,,0.0003035269835488375,"[1962, 570, 1974, 582]",1.0,"[0.06720461525885704, 0.06720461525885704]",
team,surface,dark,#111111,0.17763777191722593,6.621269577527897e-09,,0.005605391624202723,"[426, 1002, 438, 1014]",1.0,"[0.17763777191722593, 0.17763777191722593]",
team,nested-card,dark,#242424,0.26032481171907373,9.703345946304335e-09,,0.017641954488384078,"[354, 1056, 366, 1068]",1.0,"[0.26032481171907373, 0.26032481171907373]",
team,accent-green-legend,dark,#609168,0.6101707103547507,0.08136829233676354,148.69551888449845,0.23737070572633276,"[1363, 1399, 1369, 1405]",1.0,"[0.6101707103547507, 0.6101707103547507]",
team,accent-brown-legend,dark,#917760,0.5878656161082092,0.0467250777747993,63.21949687812311,0.2005792204942962,"[1363, 1523, 1369, 1529]",1.0,"[0.5878656161082092, 0.5878656161082092]",
team,main-text,dark,#FFFFFF,0.9999999934735462,3.727399553519285e-08,,1.0,"[1344, 455, 1896, 518]",0.6817734870832216,"[0.6731222126359498, 0.9999999934735462]","Dominant core glyph RGB after excluding background; screenshot estimate, not authored token."
team,secondary-text,dark,#B0ABA7,0.7441866379235562,0.008099366180637215,61.412091713567705,0.41145946772229863,"[1344, 535, 1632, 567]",0.015734265734265736,"[0.6883944083594491, 0.9997226225033082]","Dominant core glyph RGB after excluding background; screenshot estimate, not authored token."
finance,canvas-local,dark,#2B262A,0.27566969212063935,0.010262149244997193,332.5479892943785,0.02066985025301211,"[594, 1020, 606, 1032]",0.5625,"[0.26744137482532715, 0.2838377985980982]","Local interior of perspective-rendered UI; canvas has shading, so not exact uniform token."
finance,accent-cyan-card,dark,#26EAE6,0.849411593278938,0.14072687060818084,192.56311653183687,0.6497087727756824,"[834, 1344, 846, 1356]",1.0,"[0.849411593278938, 0.849411593278938]",Local cyan card interior; nearby glass and lighting excluded.
finance,accent-lilac-card,dark,#D4B9FE,0.832350705516424,0.09888885072497962,302.21941185761676,0.5585072946933308,"[954, 1146, 966, 1158]",1.0,"[0.832350705516424, 0.832350705516424]",
finance,accent-peach-card,dark,#EDCAAA,0.8608493091037558,0.05827995899756871,64.37359786130972,0.63147863974839,"[1002, 1578, 1014, 1590]",1.0,"[0.8608493091037558, 0.8608493091037558]",
finance,accent-coral-card,dark,#FFAEAD,0.8283461316717745,0.09551749260214251,20.09232965669855,0.545492339689274,"[1290, 1416, 1302, 1428]",1.0,"[0.8283461316717745, 0.8283461316717745]",
finance,main-text,dark,#FFFEFF,0.9980625790142971,0.0016784811497709206,325.5899055311492,0.9936362198558111,"[401, 1084, 619, 1220]",0.19596745666784576,"[0.6731222126359498, 0.9999999934735462]","Dominant core glyph RGB after excluding background; screenshot estimate, not authored token."
finance,on-lilac-text,dark,#000100,0.05822874111831542,0.019813751383993314,142.49533888780994,0.00021708249863412857,"[898, 1163, 1051, 1219]",0.047286821705426356,"[0.0, 0.55583759504913]","Dominant core glyph RGB after excluding background; screenshot estimate, not authored token."
finance-muted,canvas-local,dark,#1D1C21,0.22970619538168566,0.009647083783776387,294.7996736969969,0.012015239918567438,"[153, 274, 165, 286]",1.0,"[0.22970619538168566, 0.22970619538168566]",Alternate low-chroma palette attached to same shot; not an independent popularity observation.
finance-muted,accent-cyan-card,dark,#C0DEDC,0.8781503418488595,0.031835630752685244,191.66831478190966,0.6861632677742446,"[134, 474, 146, 486]",1.0,"[0.8781503418488595, 0.8781503418488595]",Alternate low-chroma palette attached to same shot; not an independent popularity observation.
finance-muted,accent-lilac-card,dark,#E6DFF1,0.9144806661610281,0.025307700240224947,303.47031495383465,0.7594922035242757,"[297, 368, 309, 380]",1.0,"[0.9144806661610281, 0.9144806661610281]",Alternate low-chroma palette attached to same shot; not an independent popularity observation.
finance-muted,accent-peach-card,dark,#F1EEE9,0.9500486710023711,0.007417643441076464,80.72083500993992,0.8573303574228076,"[287, 681, 299, 693]",1.0,"[0.9500486710023711, 0.9500486710023711]",Alternate low-chroma palette attached to same shot; not an independent popularity observation.
finance-muted,accent-coral-card,dark,#F1DFDF,0.9181220201342938,0.019807135273559876,17.51917854934547,0.7680383774460012,"[415, 590, 427, 602]",0.9305555555555556,"[0.9066209337357596, 0.9197808725651943]",Alternate low-chroma palette attached to same shot; not an independent popularity observation.
chart,white-card,light,#FFFFFF,0.9999999934735462,3.727399553519285e-08,,1.0,"[954, 372, 966, 384]",1.0,"[0.9999999934735462, 0.9999999934735462]",
chart,neutral-skeleton,light,#F0F0F0,0.9551400440214245,3.560188591477716e-08,,0.8713671191987972,"[553, 1428, 565, 1440]",1.0,"[0.9551400440214245, 0.9551400440214245]",
chart,red-bar-upper,light,#F94E65,0.6682644062550753,0.20615013126391993,17.192556494279586,0.265281008161954,"[714, 747, 726, 759]",0.1875,"[0.6672793086987926, 0.6706646466937243]","Gradient endpoint sample, not solid original token."
chart,red-bar-lower,light,#FB798A,0.7313177109564125,0.15898933532110637,13.716830562962949,0.36018952100926294,"[714, 949, 726, 961]",0.3125,"[0.7285322964516607, 0.732963281493864]","Gradient endpoint sample, not solid original token."
chart,purple-bar-strong,light,#4E3FFE,0.5246335665556101,0.2658627311696631,275.57249213985517,0.12330471950639237,"[2070, 803, 2082, 815]",0.16666666666666666,"[0.5203482903711301, 0.5246335665556101]",Local near-end gradient sample.
chart,purple-bar-pale,light,#C7C2FF,0.8390356894532317,0.08476847771244203,288.1796857191086,0.5794568692856911,"[2231, 803, 2243, 815]",0.5833333333333334,"[0.8371190954978394, 0.8417320370374757]","Resting-calories segment, local interior."
chart,main-text,light,#141414,0.19125129838342514,7.128700095101065e-09,,0.006995410187265387,"[470, 457, 828, 549]",0.42314510002532285,"[0.0, 0.6367600316401532]","Dominant core glyph RGB after excluding background; screenshot estimate, not authored token."
chart,muted-text,light,#989898,0.679680290328416,2.533440026393446e-08,,0.31398871337571754,"[840, 492, 984, 549]",0.1704016913319239,"[0.5829156746719829, 0.8914313398856534]","Dominant core glyph RGB after excluding background; screenshot estimate, not authored token."
cuberto,dark-card-local,dark,#212026,0.24717179753387694,0.011336457110540873,293.19918983880143,0.014962973567327389,"[729, 555, 741, 567]",0.5763888888888888,"[0.0938576655755975, 0.9999999934735462]",Local card interior with presentation lighting; black surrounding backdrop excluded.
cuberto,calendar-card-local,dark,#1A191E,0.2167385110116725,0.009790399205024048,294.74000726359736,0.010086109938637688,"[467, 225, 479, 237]",0.4930555555555556,"[0.0938576655755975, 0.6770210641227978]",Different local interior of gradient-lit card; not a separate authored token assertion.
cuberto,accent-mint-card,dark,#CAE7EB,0.9080966840432221,0.031000829422809947,206.70305840699962,0.7570654289104863,"[665, 167, 677, 179]",0.4930555555555556,"[0.21787075251888893, 0.9798821251561833]",
cuberto,accent-mint-label,dark,#CAE7EB,0.9080966840432221,0.031000829422809947,206.70305840699962,0.7570654289104863,"[284, 568, 296, 580]",0.11805555555555555,"[0.1097974907236868, 0.9903881321629344]",
cuberto,main-text,dark,#FFFFFF,0.9999999934735462,3.727399553519285e-08,,1.0,"[813, 291, 900, 314]",0.0916030534351145,"[0.6731222126359498, 0.9999999934735462]","Dominant core glyph RGB after excluding background; screenshot estimate, not authored token."
cuberto,on-mint-text,dark,#000100,0.05822874111831542,0.019813751383993314,142.49533888780994,0.00021708249863412857,"[620, 225, 714, 263]",0.050100200400801605,"[0.0, 0.616256656119275]","Dominant core glyph RGB after excluding background; screenshot estimate, not authored token."
